{
  "task_types": {
    "feature": {
      "task_type": "feature",
      "sample_count": 12,
      "avg_tokens": 5789.583333333333,
      "std_dev": 7776.825792681885,
      "p80_tokens": 12337.67065077148,
      "avg_duration_seconds": 290.5,
      "success_rate": 1.0,
      "recommended_model": "haiku",
      "model": "aggregate",
      "recommended_effort": "high",
      "_m2_tokens": 725748232.9166667,
      "_m2_duration": 1887147.0,
      "estimation_mape": 812.1071797841792,
      "estimation_sample_count": 12
    },
    "feature:claude-opus-4-6": {
      "task_type": "feature",
      "sample_count": 7,
      "avg_tokens": 3625.5714285714284,
      "std_dev": 3071.2858571494985,
      "p80_tokens": 6211.594120291305,
      "avg_duration_seconds": 138.85714285714283,
      "success_rate": 1.0,
      "recommended_model": "haiku",
      "model": "claude-opus-4-6",
      "recommended_effort": "high",
      "_m2_tokens": 66029577.71428571,
      "_m2_duration": 71790.85714285714,
      "estimation_mape": 1158.0362392006384,
      "estimation_sample_count": 7
    },
    "bugfix": {
      "task_type": "bugfix",
      "sample_count": 3,
      "avg_tokens": 6024.333333333334,
      "std_dev": 3932.471430990384,
      "p80_tokens": 9335.474278227237,
      "avg_duration_seconds": 281.3333333333333,
      "success_rate": 1.0,
      "recommended_model": "haiku",
      "model": "aggregate",
      "recommended_effort": "high",
      "_m2_tokens": 46392994.66666667,
      "_m2_duration": 133508.66666666666,
      "estimation_mape": 443.62059184139946,
      "estimation_sample_count": 3
    },
    "bugfix:claude-opus-4-6": {
      "task_type": "bugfix",
      "sample_count": 3,
      "avg_tokens": 6024.333333333334,
      "std_dev": 3932.471430990384,
      "p80_tokens": 9335.474278227237,
      "avg_duration_seconds": 281.3333333333333,
      "success_rate": 1.0,
      "recommended_model": "haiku",
      "model": "claude-opus-4-6",
      "recommended_effort": "high",
      "_m2_tokens": 46392994.66666667,
      "_m2_duration": 133508.66666666666,
      "estimation_mape": 443.62059184139946,
      "estimation_sample_count": 3
    },
    "feature:claude-sonnet-4-6": {
      "task_type": "feature",
      "sample_count": 5,
      "avg_tokens": 8819.2,
      "std_dev": 10780.029098290968,
      "p80_tokens": 17895.984500761,
      "avg_duration_seconds": 502.8,
      "success_rate": 1.0,
      "recommended_model": "haiku",
      "model": "claude-sonnet-4-6",
      "recommended_effort": "high",
      "_m2_tokens": 581045136.8,
      "_m2_duration": 1429030.8,
      "estimation_mape": 327.8064966011363,
      "estimation_sample_count": 5
    }
  },
  "last_calibrated": "2026-03-08T14:07:54.528579+00:00",
  "total_records": 15
}