{
  "task_types": {
    "feature": {
      "task_type": "feature",
      "sample_count": 14,
      "avg_tokens": 8102.999999999999,
      "std_dev": 9171.232655895905,
      "p80_tokens": 15825.177896264351,
      "avg_duration_seconds": 1638.0714285714284,
      "success_rate": 1.0,
      "recommended_model": "haiku",
      "model": "aggregate",
      "recommended_effort": "high",
      "_m2_tokens": 1177561118.0000002,
      "_m2_duration": 231816082.92857143,
      "estimation_mape": 706.1538354354492,
      "estimation_sample_count": 14
    },
    "feature:claude-opus-4-6": {
      "task_type": "feature",
      "sample_count": 7,
      "avg_tokens": 3625.5714285714284,
      "std_dev": 3071.2858571494985,
      "p80_tokens": 6211.594120291305,
      "avg_duration_seconds": 138.85714285714283,
      "success_rate": 1.0,
      "recommended_model": "haiku",
      "model": "claude-opus-4-6",
      "recommended_effort": "high",
      "_m2_tokens": 66029577.71428571,
      "_m2_duration": 71790.85714285714,
      "estimation_mape": 1158.0362392006384,
      "estimation_sample_count": 7
    },
    "bugfix": {
      "task_type": "bugfix",
      "sample_count": 3,
      "avg_tokens": 6024.333333333334,
      "std_dev": 3932.471430990384,
      "p80_tokens": 9335.474278227237,
      "avg_duration_seconds": 281.3333333333333,
      "success_rate": 1.0,
      "recommended_model": "haiku",
      "model": "aggregate",
      "recommended_effort": "high",
      "_m2_tokens": 46392994.66666667,
      "_m2_duration": 133508.66666666666,
      "estimation_mape": 443.62059184139946,
      "estimation_sample_count": 3
    },
    "bugfix:claude-opus-4-6": {
      "task_type": "bugfix",
      "sample_count": 3,
      "avg_tokens": 6024.333333333334,
      "std_dev": 3932.471430990384,
      "p80_tokens": 9335.474278227237,
      "avg_duration_seconds": 281.3333333333333,
      "success_rate": 1.0,
      "recommended_model": "haiku",
      "model": "claude-opus-4-6",
      "recommended_effort": "high",
      "_m2_tokens": 46392994.66666667,
      "_m2_duration": 133508.66666666666,
      "estimation_mape": 443.62059184139946,
      "estimation_sample_count": 3
    },
    "feature:claude-sonnet-4-6": {
      "task_type": "feature",
      "sample_count": 7,
      "avg_tokens": 12580.428571428572,
      "std_dev": 10894.745835324775,
      "p80_tokens": 21753.804564772032,
      "avg_duration_seconds": 3137.2857142857138,
      "success_rate": 1.0,
      "recommended_model": "haiku",
      "model": "claude-sonnet-4-6",
      "recommended_effort": "high",
      "_m2_tokens": 830868407.7142856,
      "_m2_duration": 200277283.42857143,
      "estimation_mape": 254.27143167026014,
      "estimation_sample_count": 7
    }
  },
  "last_calibrated": "2026-03-08T19:32:02.239237+00:00",
  "total_records": 17
}