{
  "task_types": {
    "feature": {
      "task_type": "feature",
      "sample_count": 9,
      "avg_tokens": 3147.1111111111113,
      "std_dev": 2935.9307607807723,
      "p80_tokens": 5619.164811688522,
      "avg_duration_seconds": 182.33333333333331,
      "success_rate": 1.0,
      "recommended_model": "haiku",
      "model": "aggregate",
      "recommended_effort": "high",
      "_m2_tokens": 77577204.88888888,
      "_m2_duration": 355112.0,
      "estimation_mape": 1016.1679571783175,
      "estimation_sample_count": 8
    },
    "feature:claude-opus-4-6": {
      "task_type": "feature",
      "sample_count": 8,
      "avg_tokens": 3540.5,
      "std_dev": 2881.7281707336656,
      "p80_tokens": 5966.915119757747,
      "avg_duration_seconds": 205.12499999999997,
      "success_rate": 1.0,
      "recommended_model": "haiku",
      "model": "claude-opus-4-6",
      "recommended_effort": "high",
      "_m2_tokens": 66434857.99999999,
      "_m2_duration": 317710.875,
      "estimation_mape": 1016.1679571783175,
      "estimation_sample_count": 8
    },
    "bugfix": {
      "task_type": "bugfix",
      "sample_count": 3,
      "avg_tokens": 6024.333333333334,
      "std_dev": 3932.471430990384,
      "p80_tokens": 9335.474278227237,
      "avg_duration_seconds": 281.3333333333333,
      "success_rate": 1.0,
      "recommended_model": "haiku",
      "model": "aggregate",
      "recommended_effort": "high",
      "_m2_tokens": 46392994.66666667,
      "_m2_duration": 133508.66666666666,
      "estimation_mape": 443.62059184139946,
      "estimation_sample_count": 3
    },
    "bugfix:claude-opus-4-6": {
      "task_type": "bugfix",
      "sample_count": 3,
      "avg_tokens": 6024.333333333334,
      "std_dev": 3932.471430990384,
      "p80_tokens": 9335.474278227237,
      "avg_duration_seconds": 281.3333333333333,
      "success_rate": 1.0,
      "recommended_model": "haiku",
      "model": "claude-opus-4-6",
      "recommended_effort": "high",
      "_m2_tokens": 46392994.66666667,
      "_m2_duration": 133508.66666666666,
      "estimation_mape": 443.62059184139946,
      "estimation_sample_count": 3
    },
    "refactor": {
      "task_type": "refactor",
      "sample_count": 1,
      "avg_tokens": 102.0,
      "std_dev": 0.0,
      "p80_tokens": 102.0,
      "avg_duration_seconds": 5.0,
      "success_rate": 1.0,
      "recommended_model": "haiku",
      "model": "aggregate",
      "recommended_effort": "high",
      "_m2_tokens": 0.0,
      "_m2_duration": 0.0,
      "estimation_mape": 36664.70588235294,
      "estimation_sample_count": 1
    },
    "refactor:claude-opus-4-6": {
      "task_type": "refactor",
      "sample_count": 1,
      "avg_tokens": 102.0,
      "std_dev": 0.0,
      "p80_tokens": 102.0,
      "avg_duration_seconds": 5.0,
      "success_rate": 1.0,
      "recommended_model": "haiku",
      "model": "claude-opus-4-6",
      "recommended_effort": "high",
      "_m2_tokens": 0.0,
      "_m2_duration": 0.0,
      "estimation_mape": 36664.70588235294,
      "estimation_sample_count": 1
    },
    "feature:sonnet": {
      "task_type": "feature",
      "sample_count": 1,
      "avg_tokens": 0.0,
      "std_dev": 0.0,
      "p80_tokens": 0.0,
      "avg_duration_seconds": 0.0,
      "success_rate": 1.0,
      "recommended_model": "haiku",
      "model": "sonnet",
      "recommended_effort": "high",
      "_m2_tokens": 0.0,
      "_m2_duration": 0.0,
      "estimation_mape": null,
      "estimation_sample_count": 0
    }
  },
  "last_calibrated": "2026-03-09T09:46:24.393501+00:00",
  "total_records": 13
}