{
  "task_types": {
    "feature": {
      "task_type": "feature",
      "sample_count": 7,
      "avg_tokens": 3625.5714285714284,
      "std_dev": 3071.2858571494985,
      "p80_tokens": 6211.594120291305,
      "avg_duration_seconds": 138.85714285714283,
      "success_rate": 1.0,
      "recommended_model": "haiku",
      "model": "aggregate",
      "recommended_effort": "high",
      "_m2_tokens": 66029577.71428571,
      "_m2_duration": 71790.85714285714,
      "estimation_mape": 1158.0362392006384,
      "estimation_sample_count": 7
    },
    "feature:claude-opus-4-6": {
      "task_type": "feature",
      "sample_count": 7,
      "avg_tokens": 3625.5714285714284,
      "std_dev": 3071.2858571494985,
      "p80_tokens": 6211.594120291305,
      "avg_duration_seconds": 138.85714285714283,
      "success_rate": 1.0,
      "recommended_model": "haiku",
      "model": "claude-opus-4-6",
      "recommended_effort": "high",
      "_m2_tokens": 66029577.71428571,
      "_m2_duration": 71790.85714285714,
      "estimation_mape": 1158.0362392006384,
      "estimation_sample_count": 7
    },
    "bugfix": {
      "task_type": "bugfix",
      "sample_count": 3,
      "avg_tokens": 6024.333333333334,
      "std_dev": 3932.471430990384,
      "p80_tokens": 9335.474278227237,
      "avg_duration_seconds": 281.3333333333333,
      "success_rate": 1.0,
      "recommended_model": "haiku",
      "model": "aggregate",
      "recommended_effort": "high",
      "_m2_tokens": 46392994.66666667,
      "_m2_duration": 133508.66666666666,
      "estimation_mape": 443.62059184139946,
      "estimation_sample_count": 3
    },
    "bugfix:claude-opus-4-6": {
      "task_type": "bugfix",
      "sample_count": 3,
      "avg_tokens": 6024.333333333334,
      "std_dev": 3932.471430990384,
      "p80_tokens": 9335.474278227237,
      "avg_duration_seconds": 281.3333333333333,
      "success_rate": 1.0,
      "recommended_model": "haiku",
      "model": "claude-opus-4-6",
      "recommended_effort": "high",
      "_m2_tokens": 46392994.66666667,
      "_m2_duration": 133508.66666666666,
      "estimation_mape": 443.62059184139946,
      "estimation_sample_count": 3
    }
  },
  "last_calibrated": "2026-03-05T01:48:55.077662+00:00",
  "total_records": 10
}